"Decreased size (finding)",1
"Blood Platelets",5
"Multicenter Trials",2
"Sounds device",1
"Mastectomy, Modified Radical",2
"Gastrointestinal complication (disorder)",1
"Ischemia",1
"Pain",3
"Clinical finding (finding)",1
"Neurological Effects",1
"Prolonged (qualifier value)",5
"Bikinia le-testui",1
"Gastrointestinal toxicity",1
"Set of compartments",1
"Guidelines",3
"Life Table Estimates",2
"Malignant neurilemmoma",1
"Metoclopramide",1
"Ifosfamide",2
"major surgery",2
"Diagnosis",4
"Thyroid Cancer",1
"Age Group Unspecified",1
"Conflict (Psychology)",1
"Universities",2
"millivolt",1
"Traditional (qualifier value)",1
"Common (qualifier value)",8
"Single event (qualifier value)",1
"Obese build",1
"Thymidine",1
"Fist, device (physical object)",1
"Rhenium",1
"White Blood Cell Count procedure",6
"Muscle Rigidity",1
"Levamisole",3
"Respiratory",1
"Levels (qualifier value)",5
"Physical examination, complete (procedure)",2
"Radiotherapy, Intracavity",2
"Finding of antibody titer (finding)",1
"Drug Therapy, Combination",4
"Life",4
"Registers (PT)",2
"Odds Ratio",1
"Observers",4
"hydration",2
"Postoperative Complications",1
"Member of (attribute)",1
"Reception",8
"Pole",1
"Iowa",1
"activate",1
"Detective (occupation)",1
"Cervix carcinoma stage I",1
"Aggression",1
"Malignant neoplasm of cervix uteri",9
"Molecular Weight",1
"Blocking",2
"phase II study",1
"Bilirubin measurement (procedure)",1
"High dose brachytherapy (regime/therapy)",1
"Pain score (observable entity)",1
"Disputes",1
"Extensive (qualifier value)",2
"Human adult females",9
"guiding characteristics",3
"Early (qualifier value)",7
"participant",3
"Direction",1
"Bladder",5
"Hemoglobin G (substance)",3
"Adverse event",2
"Discord",4
"ERROR",2
"Cannulation of vascular fistula, graft or prosthetic device",1
"Perforation of ileum (disorder)",1
"assay",2
"Definitive (qualifier value)",5
"Assessment procedure (procedure)",15
"Possible",5
"Cerebrovascular accident",1
"Adrenal Cortex Hormones",2
"synergism",1
"Granulocytopenia",2
"Normal renal function (finding)",1
"Blood Cell Count",1
"therapeutic aspects",23
"Staining",1
"Site of primary lesion (attribute)",1
"Documentation",1
"patient safety",1
"disease characteristic",1
"Course (attribute)",9
"Austria",1
"Logistic Regression",2
"Subcutaneous (qualifier value)",1
"Cyclic (qualifier value)",8
"Inflammatory disease of mucous membrane (disorder)",5
"Cardiopulmonary",1
"Non-human treatment outcome",2
"decision",2
"Major pelvis structure (body structure)",1
"Irradiation (physical force)",11
"Pharmacotherapy",21
"Subclinical (qualifier value)",3
"Greece",1
"Harbor",3
"Acuteness (qualifier value)",7
"Daily (qualifier value)",6
"Episodes (qualifier value)",4
"Para-aortic (qualifier value)",2
"increasing incidence",1
"Self-confidence (observable entity)",2
"Case (qualifier value)",9
"Visceral (qualifier value)",1
"Separate (qualifier value)",1
"Entire skeleton",1
"Division (procedure)",1
"Serum creatinine raised (finding)",1
"Feeling upset (finding)",1
"Alternative Billing Concepts",1
"NODE",7
"Techniques",9
"Personal failure",9
"Whole (qualifier value)",1
"Rectal (qualifier value)",2
"Viola",1
"Discontinuation (procedure)",2
"Statistical sensitivity",4
"Simile",12
"trends",6
"Aspartate aminotransferase assay",3
"Consistency finding (finding)",2
"Kidney Failure",1
"Ventricular Function, Left",1
"X-Ray Computed Tomography",8
"Level II (tumor staging)",1
"Circumferential (qualifier value)",1
"Adriamycin",2
"Presentation (attribute)",3
"Chronic (qualifier value)",4
"participation",2
"INFECTIOUS PROCESS",1
"Mayo County, Republic of Ireland",1
"Observation in research",9
"oncology",1
"Verification of Theories",1
"Large",8
"Midline incision (procedure)",1
"Secondary diagnosis",1
"Lumen (qualifier value)",1
"Treatment Effectiveness",1
"Beginning",1
"Analysis of Variance",2
"Granulocyte Colony-Stimulating Factor",2
"Location (attribute)",4
"Histopathological aspects",4
"Mortality Vital Statistics",8
"Epithelium",2
"Classes (qualifier value)",1
"Cervix Neoplasms",1
"Tract",1
"Degree or extent",5
"Clinical investigation",3
"week (qualifier value)",15
"Expanding (qualifier value)",1
"AJCC (tumor staging)",1
"Actual",1
"Absolute (qualifier value)",2
"Effectiveness (qualifier value)",6
"Finding of creatinine level (finding)",1
"Liver Function Tests",2
"Obstetrician (occupation)",1
"Secondary malignant neoplasm of lymph node (disorder)",2
"Medical pathologist (occupation)",3
"high-risk group",1
"High frequency (qualifier value)",2
"Brazil",1
"Skeletal system",1
"Test, cytology, digestive",2
"Phosphorus preparation",2
"Records",1
"Pulmonary Fibrosis",1
"THERAPEUTIC RESULTS",3
"Expression - action (qualifier value)",1
"Recurrent tumor (finding)",2
"Calibration",1
"Testing",2
"CONFIRMATORY",1
"Erythrocytes",2
"Drain, device (physical object)",1
"Wounded",3
"Veterans Alcoholism Screening Test",2
"Reasoning",8
"Analysis of substances",23
"Dissection",3
"Pressure- physical agent",1
"millimeter",2
"Debates",1
"Unmarried",7
"Lethargy",1
"Floxuridine",1
"Skin reaction (observable entity)",2
"Hypersensitivity",1
"Surgical intervention",1
"Cancer treatment response rate",10
"p-Aminosalicylic Acid",3
"CONCEPT Drug",1
"Neoplasm, Residual",1
"Stage 1 lower case bee",4
"Astragalus species poisoning (disorder)",1
"Human",1
"Induration (morphologic abnormality)",1
"Financial cost",2
"Application (procedure)",4
"Management",1
"Population",4
"Status of invasion by tumor (observable entity)",2
"Radical (qualifier value)",6
"Quantity (attribute)",1
"Urine pH test (procedure)",1
"Staging - procedure intent (qualifier value)",1
"Squalene",1
"Umbilicus Genus",1
"Estrogen Receptors",1
"Schedules",10
"Radiotherapy Dosage",1
"Retroperitoneal exploration",1
"Persistent (qualifier value)",5
"Normal Range",1
"Allowance (administrative concept)",1
"Ureterovaginal fistula (disorder)",1
"Stage 4 lower case ay",1
"external radiation",2
"Structure of internal iliac artery",1
"Models",4
"Progress Report",1
"Resistant (qualifier value)",1
"Hematuria",1
"Square (qualifier value)",2
"Finding of drug level (finding)",1
"appropriateness",3
"Superficial (qualifier value)",2
"Confusion",1
"Colorectal Carcinoma",2
"Pelvic Neoplasms",1
"xanthosine",5
"Myoblastoma",1
"Topoisomerase inhibitor (substance)",1
"Localization - action (qualifier value)",1
"Effective (qualifier value)",9
"Medical oncologist (occupation)",1
"SURGERY, PAST",1
"SPECIFIC",6
"Gamete Intrafallopian Transfer",1
"Lassitude",2
"Critic (occupation)",1
"Seventh (qualifier value)",1
"Bites",1
"Alkaline Phosphatase",4
"Consensus",2
"pM category (observable entity)",10
"Isolated (qualifier value)",1
"Relative (related person)",9
"Psychological adjustment",5
"Knowledge",1
"Indicator",1
"premenopausal",2
"DNA Replication",1
"Glycoproteins",1
"Spatial Distribution",9
"Changed status",3
"Films",2
"Linear Accelerators",2
"Prophylactic (qualifier value)",1
"Bone function (observable entity)",1
"Research Personnel",3
"aspects of laws",1
"Descending (qualifier value)",1
"Repeat treatment NOS (context-dependent category)",1
"Low dose (qualifier value)",4
"Absences (finding)",7
"History of (present illness) (contextual qualifier) (qualifier value)",8
"Fluorouracil",15
"Colostomy stoma",1
"Numbers (qualifier value)",7
"liposomal",1
"Third (qualifier value)",9
"Natures",1
"Size (attribute)",4
"Finding of serum electrolyte levels (finding)",2
"ns (qualifier value)",2
"node-negative",1
"Acetylcysteine",1
"Proportional (qualifier value)",12
"Alopecia",4
"Empiricism",1
"Lumbar (qualifier value)",4
"Entire lung",1
"Morbidity - disease rate",5
"strategy",3
"Asia",1
"Bilirubin normal",1
"Associated topography (attribute)",12
"Biomechanical compliance",5
"Taxonomic",2
"Proliferation (morphologic abnormality)",2
"Fibrosis",2
"Median Statistical Measurement",21
"Proteins",1
"Pharmacokinetic study (procedure)",1
"Depressive disorder",1
"Surgical Staples",1
"Creatinine normal",1
"Rectum",7
"Septicemia",1
"Lactate Dehydrogenase",1
"Continuance of life",22
"Roman numeral II",4
"Lower third (qualifier value)",1
"DNA Topoisomerase",2
"Action (qualifier value)",1
"South America",1
"Tumor Markers",1
"Genus Axis",1
"Israel",2
"Melanoma",1
"Disposable",1
"Streptococcal lymphadenitis of swine",1
"Anterior",4
"Dialysis procedure",1
"Male population group",2
"Cell Division",2
"Report (document)",10
"View (attribute)",1
"Human Development",7
"Distributing",9
"Neck Neoplasms",1
"Dependent Variables",1
"Multivariate Analysis",4
"Pyrimidine",1
"Aspiration (procedure)",1
"Antibody titer measurement (procedure)",1
"Cervix carcinoma recurrent",2
"Serum bilirubin measurement (procedure)",2
"Transaminases",1
"Rest",1
"Proliferation Markers",1
"Additive (qualifier value)",18
"Neutrophil count NOS (procedure)",1
"Pulmonary function (observable entity)",1
"port-a-cath",3
"statistical tests",1
"Lymphography",1
"Intention",2
"dose-rate",2
"Aggressive course (qualifier value)",1
"Sternum",1
"Lights, manufactured",6
"Dukes stage (observable entity)",1
"Personality Sensitivity",4
"coworker",1
"Depth (attribute)",2
"Expectations (qualifier value)",4
"Pleura",1
"Indications",3
"Malignant - descriptor",1
"Selection Bias",1
"Revision - value (qualifier value)",1
"Liver",5
"In Vitro",2
"Physical object (physical object)",1
"Axillary lymph node group",2
"local therapy",2
"Granulocyte count (procedure)",1
"Contiguous (qualifier value)",2
"Toxic nephropathy (disorder)",1
"Salvage",1
"Behaviors and observations relating to behavior",6
"Partial (qualifier value)",7
"Masse",2
"dosimetry",2
"Perforation (morphologic abnormality)",1
"Four (qualifier value)",17
"Documented (qualifier value)",1
"Stress bismuth subsalicylate",1
"Adherent",1
"Cardiomyopathy",1
"organizational",1
"Analgesics",1
"Polypropylenes",1
"Ovary",1
"Seizures",3
"Left (qualifier value)",6
"Fixation - action",1
"EXCEPTIONALLY",1
"Fertility",1
"Cardiac monitoring (regime/therapy)",1
"primary tumor",2
"Access (attribute)",2
"Stage 1 upper case bee",4
"Hormone therapy (procedure)",1
"Tamoxifen",1
"[M]Unspecified tumor cell NOS (morphologic abnormality)",6
"Intravenous infusion (product)",1
"Approach (attribute)",7
"Timing (attribute)",6
"Count of entities (property) (qualifier value)",17
"Role",11
"Mammary gland",1
"Developers",3
"Absorbable suture (physical object)",1
"Computer software",1
"Caucasoid Race",2
"Mucous Membrane",2
"Antimicrobial susceptibility",4
"Border of rib (body structure)",1
"Urea nitrogen (substance)",1
"Related (finding)",13
"Dizziness",1
"Synthesis",1
"Anteroventral Thalamic Nucleus",2
"Administration",9
"Theories",1
"utilization",14
"Regional (qualifier value)",4
"Entire prostate",1
"Better (qualifier value)",9
"Quantitative (qualifier value)",1
"Scar",1
"Out (qualifier value)",1
"statistical",11
"Full (qualifier value)",6
"Compromise",1
"Cesium",8
"Transfusion - action (qualifier value)",4
"Patterns (qualifier value)",6
"Soft tissues (body structure)",1
"Linear accelerator electrons (procedure)",2
"Maximal (qualifier value)",2
"Pulmonary Embolism",1
"Neck",2
"Paresis",2
"FLUOROURACIL:MASS:POINT IN TIME:DOSE MED OR SUBSTANCE:QUANTITATIVE",3
"Hematology procedure",2
"exclusion",4
"Pathologist evaluation (procedure)",1
"allowing",1
"Upper arm",11
"Lithium",6
"Endomyocardial biopsy (procedure)",1
"Indexes",2
"Variant",2
"Stable (qualifier value)",2
"Ethics Committees",1
"Physical activity",5
"Intestinal Fistula",1
"Adequate (qualifier value)",6
"hydroxyl group",1
"symptoms",6
"Entire rectum",7
"RF",1
"Upper third (qualifier value)",1
"Bone Marrow",3
"Arterial blood supply",2
"Minute (qualifier value)",3
"Singular",7
"Intravaginal (qualifier value)",4
"stable disease",2
"Pilot Projects",1
"Survival Analysis",4
"Radiation Oncology",3
"Stage of Surgical Procedure",8
"Research",1
"Greater (qualifier value)",11
"Secondary malignant neoplasm of lung (disorder)",1
"Radiology studies",1
"Upper (qualifier value)",2
"Disability NOS (finding)",1
"Percentile (property) (qualifier value)",4
"Rank",9
"adjuvant therapy",6
"Middle third (qualifier value)",1
"Antibodies, Monoclonal",1
"Entire uterus",1
"Scheduled (qualifier value)",3
"Intestines",6
"Pressure",1
"Accelerated (contextual qualifier) (qualifier value)",1
"Seven (qualifier value)",5
"Total (qualifier value)",14
"Velocity (property) (qualifier value)",5
"Screening - procedure intent (qualifier value)",1
"Nucleolar",1
"GI series",1
"Total white cell count NOS",1
"Progressive (qualifier value)",4
"V (voltage)",5
"Dose Fractionation",3
"Actuary (occupation)",4
"Dissection - action (qualifier value)",3
"Histological type (attribute)",1
"Exercisers, Bicycle",1
"Excision",8
"Recording of previous events",8
"phase I study",1
"Alkaline phosphatase stain",4
"incidence of cases",12
"Axis vertebra",1
"Maximum",4
"Stage 4 upper case bee",1
"Liver edge (finding)",1
"Intraoperative (qualifier value)",1
"Status (attribute)",13
"Selection (Genetics)",9
"Identified (qualifier value)",1
"Reduced (qualifier value)",7
"Vegetable marrow",2
"Myocardial Infarction",2
"Physical Therapy Techniques",1
"Bilateral hydronephrosis (disorder)",1
"Esophagus",1
"kg (qualifier value)",1
"Neoplasm Metastasis",15
"Projections and Predictions",2
"acceptability",4
"Long-term (qualifier value)",6
"coexistent disease",1
"Ribonucleotide Reductase",1
"Disease",16
"Started (qualifier value)",2
"Abdominal cavity structure",2
"Brachytherapy Systems, Remote Afterloading",1
"Immature (qualifier value)",1
"Demonstrable (qualifier value)",2
"Euphoric mood",15
"Fielding",5
"Same (qualifier value)",11
"Subtype (attribute)",1
"Interstitial brachytherapy (regime/therapy)",1
"Biopsy sampling (qualifier value)",1
"milligram",18
"Failed",1
"Act of Documentation",1
"Drug dose (finding)",1
"Magnitudes (qualifier value)",2
"FAVOR (product)",4
"Writer (occupation)",12
"Colonoscopy",1
"Entire breast",2
"High",15
"Standards of Weights and Measures",9
"counts (qualifier value)",6
"Stratified (qualifier value)",5
"Carcinomatosis",2
"Hypotension",1
"Regulation",3
"Biological Markers",1
"Proportional Hazards Models",1
"Types (qualifier value)",2
"[D]Abdominal mass (context-dependent category)",1
"progressive disease",5
"Incised wound - morphology (morphologic abnormality)",2
"Estrogen receptor positive",1
"Reoperation",1
"Cytopenia (finding)",1
"Neutrophils",3
"Paraplegia",1
"5'-deoxy-5-fluorouridine",1
"GENERAL OPERATIVE PROCEDURES",14
"C1 innervation",1
"Occult (qualifier value)",2
"Adenocarcinoma",10
"Bacillus <bacterium>",6
"Compete",2
"Intermediate (qualifier value)",1
"CNS metastases (tumor staging)",1
"Cardio-",2
"Body of uterus",1
"White blood cell count laboratory result",1
"workforce",1
"Mastectomy",2
"Myocardium",1
"Synchronizers",1
"Nausea",8
"hypothesis testing",1
"Hemoglobin",2
"Complication, infection",1
"Integumentary scale",4
"End (qualifier value)",5
"radiosensitization",1
"Good (qualifier value)",7
"Barium enema (procedure)",1
"Scarring",1
"SERUM CREATININE TESTS",3
"Obstetric Delivery",2
"Accident due to exposure to weather conditions",3
"Late (qualifier value)",10
"Subjective observation (qualifier value)",1
"Cytotoxicity",3
"Spatial Projection",2
"Czech Republic",1
"Lanthanum",1
"Pessimistic (finding)",1
"Alpha (qualifier value)",1
"Start (substance)",1
"National Institutes of Health (U.S.)",1
"Recurrent disease (finding)",4
"Six (qualifier value)",10
"Retroperitoneal Space",1
"implicit permission",2
"Result (navigational concept)",24
"Dacarbazine",1
"Body Surface Area",1
"Rattus norvegicus",1
"Carcinoembryonic antigen measurement",1
"Steroids",1
"Completeness (qualifier value)",2
"Stage 4 lower case bee",1
"Vinblastine",1
"CT GUIDE",1
"Cervical (qualifier value)",4
"physiopathological",1
"Meaningfulness",2
"Ulcer",1
"Serious (qualifier value)",2
"Infusion (procedure)",11
"Pulmonary toxicity",2
"Cancer of Rectum",3
"Urinalysis",1
"Force",1
"Infusions, Intravenous",2
"Closure by suture",1
"Accountant NOS (occupation)",1
"Confidence Intervals",7
"mL (qualifier value)",3
"Exploration procedure (procedure)",3
"Trunk of apical segmental artery",2
"Homo sapiens",2
"Medical History Taking",1
"Special (qualifier value)",2
"Radionuclide therapy",1
"explanation",5
"Subcutaneous Tissue",1
"Clear (qualifier value)",3
"Colostomy Procedure",1
"Slide (specimen)",3
"Health",1
"Significant (qualifier value)",23
"Probes, Other",1
"Equipment",2
"Half-Life",1
"Endoscopy",1
"Epithelial",2
"Malignant disease",2
"Fractions of (qualifier value)",9
"Therapeutic",5
"LIST",1
"Multiple Organ Failure",1
"Flexible (qualifier value)",1
"Photons",1
"Salvage procedure (qualifier value)",1
"experience (practice)",3
"regulatory",3
"Urologic (qualifier value)",1
"Carcinoma",4
"ORALIT",3
"Excision - action (qualifier value)",7
"GENERAL HEALTH",1
"Pulmonary aspiration",1
"Entire vertebral column",1
"Clinical examination",8
"Tail",5
"REFILLS",1
"Type of cell (qualifier value)",3
"Extraperitoneal (qualifier value)",2
"therapeutic index",2
"Has intent (attribute)",1
"Vascular blood supply",2
"X-ray, bones",1
"elastic",1
"Very (qualifier value)",1
"Sex Ratio",1
"Accretion (morphologic abnormality)",1
"history",8
"Alkylating Agents",4
"Purines",1
"Cytotoxic agent (substance)",1
"State (environment)",8
"Imagery",1
"Extension (qualifier value)",6
"Ethicists",1
"Neuraxis",1
"Contracts",1
"Aorta",1
"Preoperative (qualifier value)",6
"Surgical repair (procedure)",2
"1,2-diacylglycerol",1
"O GROUP",1
"Planned level (qualifier value)",1
"adverse effects",12
"Liquid (finding)",6
"Struck (disorder)",1
"antagonists",2
"Equilibrium",2
"Sequela (disorder)",1
"Deferoxamine",1
"testimony",1
"Surgical Patients",1
"cell proliferation",1
"Exercise",1
"Toxic reaction (NOS)",2
"Determination Aspects",2
"Supportive care",4
"survival aspects",22
"Table - visual aid",2
"Aortic lymph node (body structure)",7
"Threshold (property) (qualifier value)",1
"Telephone",1
"Strikes, Employee",1
"Boxes",3
"BOMP protocol",1
"Unmarried person",7
"Histopathology",4
"Reassuring (procedure)",1
"Abnormal liver function (finding)",1
"Efficiency",1
"Rules of conduct",1
"Wound Healing",2
"Consistent with (qualifier value)",5
"Anesthesiology",1
"Stomatitis",1
"Fermium",1
"Carboplatin",2
"Hypertension",1
"Phlebography",1
"Parasternal lymph node (body structure)",1
"cooperative study",2
"Standardization",1
"Problem (finding)",6
"Relapse",7
"Tolerant",2
"Low (qualifier value)",11
"Scores (qualifier value)",5
"Excessive (qualifier value)",4
"Devices",1
"gastrointestinal function",1
"Spatial Displacement",2
"Colorectal cancer metastatic",2
"Colon",3
"Human Body",1
"Proctitis",1
"Step (qualifier value)",3
"Human Age Group",1
"Affect",1
"Hypertension induced by pregnancy",1
"Charcoal",1
"Choice Behavior",2
"PRIOR",6
"surveillance aspects",1
"Transperitoneal approach (qualifier value)",1
"Fatty acid glycerol esters",1
"Phase (qualifier value)",6
"Clinical Research",3
"Frequency of Responses",10
"injuries",3
"Cell Count",2
"In complete remission (qualifier value)",2
"Tension (finding)",1
"Garbage",2
"Stenosis of vagina (disorder)",1
"Limitation (attribute)",1
"cohort",2
"Mammography",1
"Glucose",1
"Entire pelvic lymph node",1
"Bone structure (body structure)",1
"Rattus",1
"recovery from disease",2
"Platinum",1
"Review [Publication Type]",5
"Ten (qualifier value)",3
"CMF regimen",2
"The science and art of healing",5
"simulation",1
"Blood Transfusion",1
"Sigmoid colon",1
"Following (attribute)",5
"Dyssomnias",1
"Staging system (attribute)",1
"Number eleven",5
"Sleeves",1
"Social Interaction",4
"Fluctuating (qualifier value)",1
"Equal (qualifier value)",6
"Finding of bilirubin level (finding)",1
"Normal limits (qualifier value)",2
"Dorsal",4
"Vesical",1
"Implants",1
"Total protein measurement (procedure)",1
"Entire hand",1
"Resistance (Psychotherapeutic)",2
"Documents (qualifier value)",2
"White color (finding)",2
"Nuclear",1
"Responses",12
"Blood",7
"CONTINUED",4
"Methods",24
"Pilot - aircraft (occupation)",3
"Elimination outcomes",3
"Abnormal (qualifier value)",1
"Commonwealth of Independent States",4
"Minor (value)",3
"Hydroxytryptamine",1
"Procedures",11
"Texas",1
"Clinical Trials, Randomized",2
"Young (qualifier value)",1
"Radiation",17
"Region of neck (body structure)",2
"Persistence (finding)",2
"Saws",1
"Portugal",1
"Calculated (qualifier value)",4
"Motility (finding)",1
"Closed approach",2
"Psychological fixation",1
"Radiologic (qualifier value)",2
"Scientific Study",24
"Groups (qualifier value)",22
"Withers (body structure)",1
"Other regular care provider",2
"Maintain",1
"Effect (qualifier value)",19
"Computers",2
"benefits",15
"FIGO Stage (attribute)",4
"Distress (finding)",1
"Entire lumen of body system",1
"Spreading (qualifier value)",1
"Granulocytes",1
"Medical History",9
"Venous cannula insertion",1
"Relationship by association",5
"Silk suture, device (physical object)",1
"Cineradiography of cardiovascular system (procedure)",1
"Hypoxanthine",1
"Injection (product)",3
"Atropinum, atropine",1
"Actual blood loss",1
"Deoxyribose",6
"Reaction (qualifier value)",4
"Reduction - action",13
"Rosa",1
"Negative (qualifier value)",11
"adjuvant study",3
"incorporation",1
"bilateral breast cancer",4
"Discussion (procedure)",23
"Contralateral breast cancer",1
"Federal Government",1
"Table - furniture",2
"Antibiotics",1
"aspects of radiation effects",1
"Sus",1
"year (qualifier value)",17
"Localized (qualifier value)",1
"Ovariectomy",1
"Cyclophosphamide",4
"Seeds",1
"PLAN OF TREATMENT",3
"Published Comment",2
"Epilepsy",2
"Responsive (qualifier value)",1
"Entire mediastinum",1
"Psychotherapy, Group",4
"Follow-up visit (procedure)",3
"Ischemic",1
"Vertebral column",1
"Abdominal (qualifier value)",2
"Thrombocytopenia",5
"cooperative group",4
"demographic characteristics",1
"Ability to control pelvic posture (observable entity)",2
"AOD use initiation",3
"Biases",2
"Cytotoxic drug therapy NOS (procedure)",1
"Mendelevium",1
"Biologic (qualifier value)",2
"Sliding",2
"legal surveillance",1
"Contour Alloy",1
"Structure of supraclavicular lymph node",1
"Volume (property) (qualifier value)",7
"Controlled (qualifier value)",2
"Disease regression",7
"significance level",6
"Increasing (qualifier value)",1
"GRADIENT",1
"Frequencies (time pattern)",1
"Myelosuppression (finding)",3
"Pneumonia",1
"Left ventricular ejection fraction (observable entity)",1
"Mathematical formula",2
"Malignant neoplasm, primary (morphologic abnormality)",13
"Gynecological examination",1
"Depth (qualifier value)",2
"Minor",3
"mm3 (qualifier value)",1
"weekend",1
"Rheumatoid Arthritis",1
"Liquid substance",6
"Liposarcoma",1
"Reduction (chemical)",13
"Life Expectancy",1
"Toxicity aspects",18
"Operable (qualifier value)",1
"Histology Procedure",3
"Hydroxyurea",4
"patient characteristics",7
"Improving (qualifier value)",15
"Certainty (attribute)",2
"Intestines, Small",3
"National origin",1
"Improved (qualifier value)",15
"prognostic",13
"Nutritionals",1
"Radiation therapy",21
"Slow (qualifier value)",1
"cardiac toxicity",1
"Aluminum",13
"Unilateral (qualifier value)",1
"Finding of serum bilirubin level (finding)",2
"Uterus",2
"Internationality",2
"Individual (person)",1
"Sampling of lymph nodes NOS (procedure)",1
"Drug Interactions",5
"Neoplasm progression",2
"Epithelial Cells",1
"Obstruction",7
"Medial (qualifier value)",1
"Fistula",3
"Vanadium",5
"Plastics",1
"Biopsy",4
"dose-limiting",3
"measurable disease",2
"Fibrosarcoma",1
"Sudden onset (attribute)",1
"Purpose (attribute)",6
"Analysis",23
"First (qualifier value)",17
"Writing",12
"Diethylstilbestrol",1
"ADMISSION",2
"Myelofibrosis",1
"Outcome Measures",1
"Rigor - Temperature-associated observation",1
"Screening chest X-ray (procedure)",1
"Indeterminate",1
"GTPase-Activating Proteins",1
"Delivery",2
"Maker NOS (occupation)",1
"Pain control (procedure)",1
"Protoplasm",1
"Vomiting",8
"Heart Rate",1
"Anthracycline Antibiotics",2
"Mass of body structure (finding)",2
"Therapeutic response, function (observable entity)",1
"Entire lymph node",1
"Microscopic (qualifier value)",1
"Medication Treatment",1
"Nervousness",1
"Side (qualifier value)",8
"controversy",1
"Malignant Peripheral Nerve Sheath Tumors",1
"Events (event)",8
"Randomized Controlled Trials",1
"Hemangiosarcoma",1
"Regression - mental defense mechanism",7
"Generations",2
"LOST",2
"Direct type of relationship",1
"Function",4
"Reference Values",1
"biopsy characteristics",4
"Anti-Arrhythmia Agents",1
"Selection Criteria",1
"free time",1
"Delivery finding (finding)",2
"Tumor Antigens",1
"Persons",1
"Nutritional status",1
"Health Status",1
"Platelet Count",10
"Reversible (qualifier value)",1
"Entire liver",5
"Disease recurrence",3
"Short-term (qualifier value)",1
"Timed (qualifier value)",4
"Blood capillaries",2
"Fatigue",1
"Systemic Scleroderma",2
"Stage 2 upper case ay",1
"Aftercare",2
"Does stand (finding)",1
"Chemotherapy-Oncologic Procedure",21
"Serum",3
"Entire pleura",1
"Mediastinum",1
"Needle biopsy procedure",1
"Malignant tumor of thyroid gland (disorder)",1
"Exact",4
"Serum bilirubin NOS",1
"Percutaneous aspiration (procedure)",1
"Mass, a measure of quantity of matter (property) (qualifier value)",2
"FYN Gene",3
"Changing",3
"Urogenital structure",2
"Colorectal Cancer",5
"Prostate",1
"With quality (attribute)",3
"Radicals (chemistry)",6
"Neurologic (qualifier value)",3
"Rapid (qualifier value)",2
"Entire esophagus",1
"Adult",1
"DOS",11
"Apical (qualifier value)",1
"Spindle",1
"Entire capillary blood vessel (organ)",2
"Entire chest wall",1
"Dipstick assessment of hemoglobin concentration (procedure)",1
"SUPPORT",1
"Has difficulty doing (qualifier value)",1
"Individual Adjustment",5
"Demography",1
"Sensitive (qualifier value)",1
"Abdomen",1
"Uncontrolled (qualifier value)",2
"Spain",1
"Circular (qualifier value)",1
"M category (observable entity)",1
"Old episode",2
"Conduit implant",1
"Other",20
"time interval",1
"L2 innervation",1
"Superior (qualifier value)",7
"Observation parameter (observable entity)",3
"Deterioration of status",4
"Urology",1
"Positioning Attribute",2
"Elderly",1
"[X]Other chemotherapy (context-dependent category)",1
"Twelve (qualifier value)",2
"Male gender",2
"Belgium",1
"Entire spleen",1
"Proctoscopy",1
"Therapeutic procedure",23
"X-rays, Homeopathic Preparations",1
"Age (qualifier value)",15
"Human Females",9
"dose-response curve",1
"Chest Pain",1
"Intraarterial",1
"Finding of alkaline phosphatase level (finding)",1
"Ability",2
"Mitomycin",3
"Energy, Physics",3
"Umbilicus (Anatomy)",1
"Extreme (qualifier value)",3
"Swiss (ethnic group)",1
"Port - alcoholic beverage",3
"Ratio (property) (qualifier value)",7
"Diffuse (qualifier value)",1
"Postmenopausal state (finding)",1
"Vein",1
"Disease Progression",1
"Obesity",1
"Modulated (qualifier value)",1
"Mechanism (attribute)",3
"Mitomycins",3
"Classification",2
"Radiologic finding (finding)",1
"Serum albumin measurement",1
"Actinic (qualifier value)",1
"CONFIRMED",7
"development aspects",7
"Lacking (qualifier value)",2
"Exertion",4
"Severe (severity modifier) (qualifier value)",11
"Congenital Abnormality",2
"Radiation Dosage",3
"Bilateral mammography (procedure)",1
"Evaluation",14
"Martes pennanti (organism)",3
"bolus",2
"Guided imagery",1
"Uncertain (qualifier value)",1
"Blood Chemical Analysis",2
"Chi-Square Test",3
"Concurrent (qualifier value)",8
"Complement",1
"financial",1
"statistical power",1
"Biopsy of lymph node (procedure)",1
"Including (qualifier value)",6
"Total protein",1
"Null (qualifier value)",3
"antagonism",1
"cancer recurrence",1
"L (qualifier value)",6
"Febrile neutropenia",1
"Rio (qualifier value)",1
"Injecting drug user (finding)",1
"Radioisotope scan of bone (procedure)",4
"Magnesium",18
"Cytologic (qualifier value)",2
"Depression motion",1
"More (qualifier value)",16
"roentgenographic",3
"standard therapy",2
"Reproduction",1
"Bone structure of cranium",1
"Elevation (procedure)",1
"Liver Failure",1
"Physicians",1
"Ovarian Carcinoma",1
"Postoperative Period",10
"Palliative Care",1
"Scanning",3
"description",1
"Data Analysis",2
"Crisis (finding)",1
"Chemistry profile",1
"Cisplatin",8
"Risk",14
"Clinical (qualifier value)",10
"Cox Models",5
"Neoplasms",15
"alone",4
"Treatment Failure",1
"Pelvic wall structure (body structure)",3
"T-Lymphocytes",1
"Tumor margin status",4
"REPRODUCTIVE",1
"Interrupted (qualifier value)",5
"Blood Count, Complete",4
"Cancer Remission",1
"Anastomosis - action",1
"Pouch Urinary",1
"Chest wall structure",1
"Periodic (qualifier value)",3
"Generalized (qualifier value)",2
"Damage (morphologic abnormality)",3
"Functional disorder",1
"Intrinsic",2
"Performance",7
"pN1 category (finding)",1
"Unit",1
"Visible (qualifier value)",2
"Dissection procedure (procedure)",3
"Second Cancer",1
"hazard",8
"Cos (geographic location)",1
"Surgical exploration (procedure)",1
"Pool (environment)",1
"Suggestion",2
"Combined (qualifier value)",15
"Hour",4
"Manuscripts",1
"Crossed (qualifier value)",3
"Surface (qualifier value)",2
"Opinions",1
"Radioisotopes",2
"Decreased translucency",1
"Recent episode (qualifier value)",7
"Aggressive cancer",1
"Conversions (qualifier value)",1
"Microfibrils",1
"Gegenhalten",2
"Iliac vessel (body structure)",1
"Soft (qualifier value)",1
"Simultaneous (qualifier value)",2
"Mean (qualifier value)",5
"Cell Adhesion Molecules",1
"Recurrence",13
"Physiologic Organization",1
"Primed lymphocyte test (procedure)",1
"Questionnaires",2
"Arm",12
"Mental tolerance",3
"basicity",1
"Obstetric Patient",2
"Materials",9
"Synclitism (finding)",2
"Excretory function",3
"Impaired health",2
"Pharmaceutical Preparations",14
"Stage 4 upper case ay",1
"Radiochemotherapy NOS (procedure)",1
"PATHOLOGIST REVIEW",1
"SUBSEQUENT",6
"iproplatin",1
"Stomach",1
"Chambers",1
"Heart Failure, Congestive",2
"lymph nodes",4
"Aspiration-action",1
"Savings",1
"Malignant Neoplasms",14
"Incidence",12
"Anastomosis",1
"Anastomosis of intestine NOS (procedure)",1
"Liver Extract",5
"Life Tables",1
"System (attribute)",4
"Intracavitary (qualifier value)",6
"Gender",7
"Entire colon",3
"Intracellular",1
"Methodology",24
"Parametrium",5
"Route (attribute)",1
"anticipation",1
"Disease-Free Survival",12
"hope",1
"MST",4
"Hospitalization",2
"Control Groups",3
"pint",1
"Follow-Up Studies",1
"Group (social concept)",21
"Level I (tumor staging)",1
"Minimal (qualifier value)",1
"Extravasation (morphologic abnormality)",1
"Adjuvants, Immunologic",8
"Autopsy",1
"Likely",8
"Physiologic (qualifier value)",1
"External (qualifier value)",8
"Cancer Genus",8
"Enhancer",5
"Baths (medical device)",6
"Anemia",1
"Direct type of resin cement",1
"Attenuated by (contextual qualifier) (qualifier value)",14
"Aspects of signs",1
"recur",1
"Information",4
"Cox microbiology subtype",5
"Definite time (qualifier value)",1
"Patients",24
"Electrocardiogram",2
"Helping Behavior",1
"Muscle",1
"Essential (qualifier value)",3
"Encapsulated (qualifier value)",1
"Endurance of activity",5
"LAB ABNORMALITY",2
"Endometrio-",1
"Salmonella enterica subsp. arizonae",1
"Lesion",6
"Numerous (qualifier value)",9
"Entire pelvis",4
"Italy",2
"Entire bony skeleton",1
"Cost aspects",1
"Grade four rank",1
"Relapse phase",4
"Folded structure (morphologic abnormality)",1
"Infection",5
"Entire abdomen",1
"BLADDER SYMPTOMS",1
"Bilirubin",4
"Hydroureteronephrosis (disorder)",1
"Synchronous (qualifier value)",2
"Positive (qualifier value)",11
"ESTIMATED",11
"Homogenizers",2
"Other prophylactic chemotherapy",1
"Maintained (qualifier value)",1
"treatment method",1
"Bacilli",6
"Chlordecone reductase",1
"Medical contraindication (finding)",1
"Patient Selection",4
"Second (qualifier value)",13
"biological activation",1
"PELVIS RADIATION",5
"Beta plant",1
"immunogenic",1
"Hyperpigmentation",1
"Forecast of outcome",9
"Entire limb",1
"Chronic poisoning (disorder)",2
"Hospitals",3
"Alternating (qualifier value)",4
"Carcinoma, Adenosquamous",4
"Radio",1
"Consent Forms",1
"Vagina",4
"Boxing",3
"Stress",1
"etiology",5
"Financially poor",7
"appropriation",3
"Cycloleucine",3
"Poisoning by parasympathomimetic drug (disorder)",2
"Adjustment Action",5
"Intravenous pyelogram",4
"Antiemetics",2
"Loperamide",1
"Gifts",1
"At risk for joint contractures (finding)",2
"Centering",1
"Entire (qualifier value)",1
"Clinical staging (qualifier value)",2
"Few (qualifier value)",12
"gynecologic oncology",3
"Random (qualifier value)",2
"MeV (qualifier value)",2
"Medical Records",1
"Acute leukemia, morphology, including blast cell OR undifferentiated leukemia (morphologic abnormality)",1
"Murine",1
"Future",3
"Conferences",1
"Functions (observable entity)",1
"ABC monopoly system",1
"Treatment outcome",2
"Chance",4
"Intravenous",8
"Leucovorin",1
"Recommendations",1
"Organ",2
"purine",1
"Institution (social concept)",5
"host",1
"Sleep disturbances",1
"Bicarbonates",1
"Injections",4
"Function Axis",4
"Modified radical mastectomy (procedure)",2
"Indolent",1
"Folic Acid",1
"Surgical Removal - Action",1
"Diameter (qualifier value)",8
"Dependent (qualifier value)",2
"hyperfractionation",1
"Coiled Spring",1
"Structure of vaginal vault",1
"Confidence Limits",2
"Total white cell count NOS (procedure)",1
"Pelvis",12
"Advanced phase",2
"Chicago",1
"PATHOLOGIC FINDINGS",1
"Projection Defense Mechanism",2
"Potassium Chloride",1
"Menopausal",1
"Heart failure NOS (disorder)",1
"Pump, device (physical object)",1
"Cognitive function: planning (observable entity)",2
"Electrocorticogram (procedure)",5
"Combinations (physical object)",6
"Clinical Adjustment",5
"Prescribed",1
"Fit and well",1
"Melphalan",1
"Prostaglandin-Endoperoxide Synthase",5
"defects",1
"Tissues",7
"Scandium",1
"Biopsy sample (specimen)",1
"PLACEMENT",1
"Oral (qualifier value)",6
"Expiration, function (observable entity)",1
"Diagnostic radiologic examination",4
"Underlay (qualifier value)",1
"Physical findings",1
"Illness (finding)",1
"Complication",8
"Peripheral blood (substance)",1
"Complement component C1",1
"Lung",1
"Combination electrotherapy",4
"Causality",5
"Weight Loss",2
"Entire ovary",1
"LYMPHATIC INVOLVEMENT",2
"seconds",4
"Antigens",1
"Advance",3
"Relative Risk",7
"Cuffs",1
"Vitality",3
"treatment factors",1
"Biochemical test (procedure)",1
"Proven findings",8
"Known (qualifier value)",1
"Intervertebral (qualifier value)",3
"Symptomatic (qualifier value)",3
"Uterine cervix-Anatomy",3
"Exploration - action (qualifier value)",3
"Condition (attribute)",6
"Anastomotic leak",1
"Measured (qualifier value)",3
"Toxic effect",19
"Accepted (qualifier value)",5
"Phospholipids",1
"Sidedness (qualifier value)",6
"Administration (procedure)",9
"Goals",11
"Original (qualifier value)",3
"Progression (attribute)",9
"Bilateral",4
"Cardiac complication of care NOS (disorder)",1
"Physical impairment",2
"Methotrexate",4
"Indiana",1
"Autoantibodies",1
"Limb structure",1
"Genes, DCC",1
"Pelvic lymphadenectomy (procedure)",3
"Intellectual scale",4
"p-value",8
"Before values (qualifier value)",2
"Treats (attribute)",4
"V - volt (qualifier value)",5
"Fixed (qualifier value)",2
"Adenocarcinoma of rectum (disorder)",1
"Stabilization (procedure)",2
"New (qualifier value)",5
"Cytology",2
"Mental blocking",2
"Liver function (observable entity)",1
"Indicators",1
"Therapeutic immunosuppression",1
"proven venom",8
"Guns",1
"Lesion of cervix (finding)",1
"Recurrent cancer",2
"Urinary Incontinence, Stress",1
"Entire spine",1
"Physical Dialysis",1
"multiple regression",2
"systemic therapy",1
"Stroma",2
"Stops (attribute)",1
"Reagents, Tumor Markers",1
"Anogenital region",2
"Structure of iliac lymph node (body structure)",1
"Stage 2 upper case bee",2
"Recognition (Psychology)",1
"Histologic",11
"Lymph",1
"Reporting",12
"Dexamethasone",1
"chart",1
"Applicator (physical object)",2
"Science of Chemistry",1
"Insertion of pack (procedure)",1
"use of ultrasonography",1
"Complement 2",1
"Prognosis bad (finding)",4
"Blood Pressure",1
"Room of building - Study",24
"Investigates (attribute)",1
"Fleming",1
"Retrospective Studies",5
"Mesna",2
"Carcinoembryonic Antigen",2
"protect",1
"Support, device",1
"Nerve",1
"Achievement",1
"White color",2
"Continuous infusion (qualifier value)",2
"Major (qualifier value)",10
"Physiologic tolerance",3
"Girdle (physical object)",1
"APPARENT",5
"radiotherapeutic",21
"Gram-negative septicemia NOS (disorder)",1
"Prescriptions",2
"Cervical carcinoma stage IB",2
"Disease remission",1
"serum drug concentration",1
"Reexploration procedure (procedure)",1
"Philadelphia",1
"Probably",2
"Source (attribute)",3
"cm (qualifier value)",11
"Cancer resistance to treatment",2
"Other therapy NOS (regime/therapy)",2
"Failure (biologic function)",9
"Large tumor (finding)",3
"Entire bladder",5
"Collectors",2
"Invasive (qualifier value)",5
"Part (attribute)",4
"Blood supply aspects",2
"Kidney",2
"Adria Pharmaceuticals",1
"Iatrogenic (qualifier value)",1
"Gastrointestinal Neoplasms",2
"Random Allocation",22
"Bathing",6
"Pulmonary function tests",1
"S3",2
"Activities",5
"Preventive monitoring",1
"Termination of pregnancy",1
"Regression Analysis",1
"Patient Compliance",5
"Transient Population Group",5
"Clinic (environment)",2
"Short (qualifier value)",3
"Duration",15
"Disappointment",4
"Transitory",7
"Alanine Transaminase",5
"End-stage (qualifier value)",4
"Normal (qualifier value)",5
"PROTRACTOR",2
"Mannitol",1
"Unknown (qualifier value)",2
"Malignant neoplasm of stomach",1
"Antibodies, in vitro diagnostic",1
"neoplastic cell",1
"Present",9
"Biochemical (qualifier value)",3
"Clinical Trials",1
"Radiodermatitis",1
"Stage 2 lower case bee",2
"Peak (qualifier value)",1
"Elevation - value (qualifier value)",1
"Lymphocyst (morphologic abnormality)",1
"CONSIDER",4
"Stop",1
"Widowhood",1
"Limited (qualifier value)",3
"Salmonella arizonae",1
"Headache",1
"Total hysterectomy (procedure)",4
"Onset of (contextual qualifier) (qualifier value)",2
"Perineal pain (finding)",1
"Filgrastim",1
"Shrinkage (finding)",2
"Kinetics",1
"Heparin",1
"Pneumonitis, Interstitial",1
"disease stage",2
"Clinical act of insertion",3
"Toxicologic (qualifier value)",1
"nicaraven",2
"Arterial catheterization",1
"Cancer cells grading system",2
"clinical aspects",1
"Weight measurement scales",4
"High dose (qualifier value)",8
"CMF",1
"Surgical margins (body structure)",3
"majority",3
"Teaching principal",3
"Containing (qualifier value)",2
"Megavoltage radiation therapy (procedure)",1
"Aspartate Transaminase",2
"Lymph nodal status (attribute)",1
"Cell of Claudius (cell)",1
"Disseminated Intravascular Coagulation",1
"Suspected diagnosis (contextual qualifier) (qualifier value)",3
"Diagnostic interview schedule (assessment scale)",1
"Uniformities (qualifier value)",1
"Stillness (finding)",4
"Moderate (severity modifier) (qualifier value)",3
"social resistance",2
"superiority",4
"Italian language (qualifier value)",2
"Enzyme-Linked Immunosorbent Assay",1
"Successful (qualifier value)",1
"IgG2A",1
"Histopathologic Grade",3
"Tests (qualifier value)",19
"inferiority",1
"SLIGHTLY",2
"Opposition",2
"Time",19
"data set",1
"Distance",1
"Peripheral Nervous System",1
"Arbitrary (property) (qualifier value)",1
"Field's stain",10
"kinetic characteristics",1
"Spontaneous (qualifier value)",1
"Base",6
"Extents (qualifier value)",2
"Area (qualifier value)",6
"History of (contextual qualifier) (qualifier value)",8
"Anatomical anastomosis",1
"progesterone receptor negative",3
"Complication Aspects",6
"Gynecologist (occupation)",1
"SSD",1
"adverse effect",2
"[X]Exposure to unspecified type of radiation, occurrence at unspecified place (finding)",1
"Peripheral (qualifier value)",1
"Entire thoracic spine",1
"Serum magnesium level observed",1
"Cell Culture",1
"analog",1
"Initial (qualifier value)",6
"Organization administrative structures",1
"Fatal (qualifier value)",3
"Light color",6
"Injury wounds",3
"payment",1
"Research nurse (occupation)",1
"Radiation Tolerance",2
"Positioning - therapy",1
"Clinical Trial, Phase III [Publication Type]",1
"Entire parametrium",5
"Primary operation (qualifier value)",18
"Interobserver Variation",1
"Pathological aspects",4
"Lesser (qualifier value)",1
"Cytotoxin",2
"Death rate aspects",1
"Body surface area (body structure)",1
"Nature",1
"Supra- (qualifier value)",1
"Cystitis",3
"Equipment used",2
"Abscess",1
"Discipline of Nursing",1
"Performed (qualifier value)",1
"Two (qualifier value)",24
"Skeleton",1
"factorial design",1
"Lengths (qualifier value)",3
"South Africa",1
"Implantation procedure",3
"Hormone manipulation (procedure)",1
"Deferred (qualifier value)",10
"Electrocardiographic axis",1
"Exploratory laparotomy (procedure)",1
"Conclude",6
"Series (qualifier value)",3
"Medical (qualifier value)",2
"Aspects of disease screening",1
"Simon (qualifier value)",1
"Pelvic lymph node group",3
"Minute of time",9
"Ischiorectal abscess (disorder)",1
"Carcinoma in Situ",1
"Normal tissue (finding)",1
"Rules",1
"Transvaginal approach",1
"Marrow",2
"Stage 2 lower case ay",1
"cell killing",1
"CONSIDERATION",6
"Baresthesia",1
"high-risk cancer",1
"Duplicate",1
"Endocrine therapy (procedure)",1
"Angiography",1
"Customs",1
"Preliminary (qualifier value)",5
"Incomplete",3
"Disadvantaged",1
"Serum bilirubin",1
"CT of abdomen (procedure)",2
"Heart and lung",1
"Obsessive compulsive behavior",1
"Leukopenia",8
"Radiotherapy, Adjuvant",2
"Death Certificates",1
"Histology",3
"diagram",1
"VALUING",8
"At risk for impaired home maintenance management (finding)",1
"Combined Modality Therapy",6
"Disease classification level",10
"Escalators",2
"APPARENTLY",2
"Phosphorus",2
"Amputation",1
"postmortem study",1
"Duration of treatment (qualifier value)",3
"Disseminated (qualifier value)",2
"Biopsy only (qualifier value)",1
"Countries (geographic location)",1
"Balanced - adjective",3
"Sarcoma, Soft Tissue",1
"Fractionation",3
"Atropine",1
"C2 innervation",1
"Response Duration",2
"Patient observation",9
"Lateral (qualifier value)",4
"Revision procedure (qualifier value)",1
"Hysterectomy",2
"Specific (qualifier value)",7
"Paclitaxel",1
"Bad (qualifier value)",1
"preserved",1
"Plane (attribute)",1
"Diagnostic",3
"LIM (body structure)",3
"findings",14
"INDEPENDENCE",1
"Sarcoma, Synovial",1
"Depletion (morphologic abnormality)",1
"Increased (qualifier value)",9
"radiation oncologist",1
"Anthracyclines",2
"Drug Combinations",1
"Rating",17
"Pneumonia, Aspiration",1
"Intravascular line",2
"Science of Statistics",2
"Arizona",1
"Lymphoma",1
"CHEMOTHERAPY RECORDS",1
"Relative",9
"Needs",2
"Overall [Publication Type]",22
"With frequency",8
"Logistic Models",2
"Urothelium",1
"Surgery specialty",13
"QUESTIONABLE",5
"Death Rate",1
"Anorexia",2
"day (qualifier value)",19
"Extended (qualifier value)",4
"Protein measurement",1
"standards characteristics",9
"Surgeon (occupation)",2
"Agent (attribute)",3
"success",3
"Females",1
"Sample Size",5
"Platinum metallicum, platinum, Homeopathic preparation",1
"Entire brain",1
"Running",1
"Demonstrator (occupation)",2
"Creatinine",4
"Decrease (qualifier value)",9
"Entire ureter",1
"Hematologic (qualifier value)",6
"Satellite Viruses",1
"MOST LIKELY",2
"Manufactured sign",1
"Sampling - Surgical action",2
"Sudden onset (contextual qualifier) (qualifier value)",1
"Psychologic",1
"Massive (qualifier value)",1
"Junctional (qualifier value)",2
"Dates",6
"FLOW",1
"EFFECTS OF EXPOSURE TO EXTERNAL CAUSES",3
"Poise",2
"Publishing",3
"Brain",1
"Ultrasonography",2
"Revisions (qualifier value)",1
"Safety",4
"Cox Proportional Hazards Models",2
"Pressure - action (qualifier value)",1
"Lung diseases",1
"Intestinal Obstruction",4
"Postop",1
"Measurement",6
"Repeat (qualifier value)",1
"Most significant (qualifier value)",2
"Heart Diseases",1
"Risk Factors",4
"Adjudication",2
"Staging laparotomy",1
"Effects of radiation",2
"Immediate (qualifier value)",2
"Gy (qualifier value)",10
"Surgical sutures",1
"Chloride measurement",3
"Coitus",7
"Bleomycin",4
"Spontaneous perforation (morphologic abnormality)",1
"Capillary, Unspecified",2
"Surgical aspects",16
"LAB DATA",2
"Neurotoxicity Syndromes",1
"Semustine",2
"Mental association",5
"Streptozocin",1
"Interventions",1
"Creatinine clearance",5
"Behavior",8
"Pregnancy",2
"Catheter",1
"Spacer (physical object)",2
"Doxorubicin",3
"[V]Follow-up examination (context-dependent category)",1
"Opaque (qualifier value)",1
"Psychotherapy, Multiple",1
"Cardiac function (observable entity)",1
"With staging (attribute)",6
"Iva",3
"Hypertensive disorder, systemic arterial (disorder)",1
"Stereoisomers",1
"Interested (finding)",5
"Suggestible (finding)",3
"Medical Surveillance",1
"Angina Pectoris",1
"Programs [Publication Type]",3
"Deoxycytidine",1
"Secondary malignant neoplastic disease (disorder)",9
"Logger (occupation)",9
"Active",1
"Channel (qualifier value)",1
"Structure of lumen of body system",1
"Heterogeneity",1
"Marginal (qualifier value)",5
"Edematous",2
"Epirubicin",2
"Pressure - action",1
"univariate analysis",2
"Reality",2
"EUROPEAN",3
"prediction",5
"Radiographic procedure on chest (procedure)",12
"Acids",1
"MODALITY",2
"Insufficient",3
"Sutures, Polyglycolic Acid",1
"Accurate (qualifier value)",3
"Lymphatic vessel",1
"Entire vein",1
"Injury inflicted to the body by an external force",1
"Entire neck",2
"Stricture (morphologic abnormality)",1
"Mean Survival Time",1
"Examination - action (qualifier value)",3
"Ureter",1
"Five (qualifier value)",17
"Hematology",2
"Residual Tumor",3
"Leukemia",1
"estimation",1
"Physical devices",1
"Finding of platelet count (finding)",8
"gonad function",1
"Health Physics",2
"Identical (qualifier value)",2
"Ultrasonography of abdomen (procedure)",2
"Laparotomy",1
"Revision (procedure)",1
"Immune response",1
"Urinary Tract Physiology",3
"Along edge (qualifier value)",2
"Hepatomegaly",1
"Set (Psychology)",2
"regimen",16
"Literature",1
"Juxta-posed (qualifier value)",1
"Compensatory",1
"Specimen (specimen)",2
"Colorectal (qualifier value)",1
"Lower (qualifier value)",8
"Not free of (attribute)",6
"Edema",2
"Shift (morphologic abnormality)",1
"Creatinine increased",1
"Progression-Free Survival",4
"Dosages (qualifier value)",21
"Contour form",1
"Palliative - procedure intent (qualifier value)",1
"APC Gene",3
"Disruption (morphologic abnormality)",1
"Cytology procedure",2
"Opioids",1
"Joule, Unit of energy",1
"Periodicals",1
"Introduction (procedure)",10
"Anastomotic complication",1
"Radiation proctitis (disorder)",1
"Stepping",1
"Manufactured form",4
"Gastrointestinal",2
"Previous (qualifier value)",16
"[M]Fibroxanthosarcoma (morphologic abnormality)",1
"contraindications",3
"inorganic phosphate",2
"Tumor status (attribute)",1
"Needles",2
"Slow grower (qualifier value)",1
"Recurrent (qualifier value)",1
"Patient Noncompliance",1
"dose-effect relationship",1
"Follow-up status (finding)",16
"partial response",4
"Longterm Effects",1
"Systemic (qualifier value)",5
"Academic degree",5
"Inferior",1
"Several (qualifier value)",10
"Carcinoma, Small Cell",1
"Depressed mood",1
"Permanent (qualifier value)",2
"Conditioning (Psychology)",3
"Pyrimidines",1
"Pain-Free",1
"Annual (qualifier value)",1
"Probable diagnosis",3
"Prospective Studies",3
"Secondary malignant neoplasm of liver (disorder)",2
"Anesthetics",1
"controlled study",1
"Preparation of bowel for procedure (procedure)",1
"Probability",9
"Gross (qualifier value)",1
"Type I Errors",1
"high-LET neutron therapy",1
"Methodology aspects",3
"inhibitors",2
"Polypropylene suture (physical object)",1
"Neutropenic fever",1
"Laboratories",3
"Decreased (qualifier value)",1
"Radiation-Sensitizing Agents",3
"CHOOSING",2
"Natural History",1
"Entire vaginal vault",1
"Layer",1
"Quality Control",3
"Personal appearance",3
"pharmacotherapeutic",21
"Underdose",1
"Entire cell",5
"Peritoneal (qualifier value)",2
"Medical Research",1
"Widened structure (morphologic abnormality)",4
"Rhabdomyosarcoma",1
"Manifest (qualifier value)",2
"Steady (qualifier value)",1
"Deterioration",2
"Liquid diet (finding)",1
"Roche",1
"Encouragement",1
"BaseLine",4
"Parametrial fibrosis (disorder)",1
"Abnormal renal function (finding)",1
"Brachytherapy",3
"Drug measurement (procedure)",1
"Sampling",2
"Blood Vessels",4
"Sensitivity Training Groups",8
"Antibodies",1
"Nodal (qualifier value)",6
"Primary",19
"Antimetabolites",1
"Mortality, Excess",1
"Slight (qualifier value)",1
"Disproportionate (qualifier value)",2
"Pharmacokinetic",1
"Distant (qualifier value)",9
"Oxygen Deficiency",2
"Chemotherapy, Adjuvant",5
"Concentration",4
"Hemoglobin Level",1
"Old",2
"Autoantibody NOS",1
"Ultrasound scan - obstetric",1
"Specific antigen (substance)",1
"Group Performance",2
"Vulva",1
"Lighting",6
"Multicenter Studies",1
"One (qualifier value)",23
"Mitolactol",1
"is (tumor staging)",1
"categories",5
"Benign hematuria",1
"Karnofsky Performance Status",2
"Genus Dialysis",1
"Median (qualifier value)",21
"Potential",11
"Males",1
"Biochemistry",1
"Morphologically abnormal structure (morphologic abnormality)",1
"Diarrhea",11
"Mild (qualifier value)",3
"Short duration (qualifier value)",1
"Gastrointestinal Hemorrhage",1
"Widespread metastatic malignant neoplastic disease (disorder)",1
"Fifth (qualifier value)",2
"teratologic",2
"Courses (qualifier value)",5
"Statistical Significance",9
"Approximate (qualifier value)",2
"Planned (qualifier value)",5
"Lactation",1
"Three (qualifier value)",17
"Obtained (attribute)",1
"Maximum Tolerated Dose",2
"Induced (qualifier value)",2
"Antineoplastic Agents",2
"Kidney Function Tests",1
"Meaning",2
"Eight (qualifier value)",9
"Sepsis (Invertebrate)",2
"Anastomotic",1
"Leiomyosarcoma",1
"Mental Depression",1
"phase III study",1
"Pointer (organism)",4
"France",2
"Colostomy site",1
"Leukocytes",7
"Predominate (qualifier value)",4
"Relapsing course",4
"Doxycycline",1
"Leucovorin Calcium",1
"Fever",1
"Sixth (qualifier value)",1
"Thrombophilia",1
"treatment program",1
"Animals, Domestic",1
"Nine (qualifier value)",16
"Magnesium Sulfate",1
"Cessation of life",17
"Twice a day",1
"Parasitic Diseases",1
"At risk for cognitive impairment (finding)",2
"Chemistry Panels",1
"Stages (qualifier value)",1
"Life Style",1
"Wilcoxon Rank Test",1
"Figs - dietary",3
"X-Ray Therapy",1
"Repeated Measures",1
"control",11
"ileum",1
"Beta greek letter",1
"Worsening (qualifier value)",5
"With severity (attribute)",1
"Hand",1
"Humor",1
"Cardiotoxicity",1
"experience",4
"Power (Psychology)",10
"GOLD STANDARD",1
"Veins",1
"Renal function, NOS",4
"Established (qualifier value)",2
"LYMPH NODE INVOLVEMENT",2
"Highly significant (qualifier value)",1
"Complete blood count without differential (procedure)",2
"Serum electrolytes NOS (procedure)",2
"Brothers",6
"Preferences (qualifier value)",3
"Production",1
"Central",7
"Surveys",1
"Office",1
"mmol (qualifier value)",1
"Rectovaginal Fistula",1
"Mechanisms (qualifier value)",3
"Staging of disease (attribute)",1
"Serum bilirubin NOS (procedure)",1
"Electrocardiographic monitoring (regime/therapy)",1
"Measures",3
"random assignment",2
"Students T Test",2
"Classification of information",2
"Heart alternation",3
"Breast",2
"Exclude (qualifier value)",3
"Statistical Analysis",12
"Switzerland",1
"Diabetes Mellitus, Insulin-Dependent",1
"Netherlands",2
"Mesentery",1
"Conservatism",3
"Pathology processes",2
"New York",2
"Questioning",2
"Nephrostomy, Percutaneous",1
"Lymphangiography",3
"Magnetic Resonance Imaging",2
"Combined radiotherapy NOS (procedure)",1
"Hepatic",3
"Inadequate (qualifier value)",1
"Protocols documentation",13
"Lighter, device (physical object)",6
"Transaminase Assay",1
"advanced disease",1
"Intraperitoneal (qualifier value)",1
"cGy (qualifier value)",5
"Shield, device (physical object)",1
"Increase (qualifier value)",11
"Screening procedure",1
"Protocol entry (qualifier value)",1
"Survival Rate",10
"ADVANTAGE",14
"Vomiting NOS (disorder)",8
"Width (qualifier value)",1
"Ohio",1
"Neurologic Symptoms",1
"Manual pelvic examination (procedure)",2
"Distal (qualifier value)",3
"Grade",13
"Taste, Metallic",1
"III (qualifier value)",1
"None (qualifier value)",10
"Local (qualifier value)",13
"Palpation",1
"Cognitive function: initiation",3
"Administration of enema",1
"Bypass",1
"Frequent (qualifier value)",5
"Light",6
"COMPLICATION POSTSURGICAL",1
"physiological aspects",4
"Repair - action",2
"Enema Solution",1
"Laster (occupation)",1
"Fourth (qualifier value)",2
"Radioisotope study of liver (procedure)",3
"irinotecan",2
"Intestinal Perforation",1
"vaginal fornix",1
"Compound (qualifier value)",2
"Percent (qualifier value)",9
"Skeletal bone",1
"Entire axis vertebra",1
"SUSPICIOUS",3
"Cancelled (qualifier value)",1
"Provide (product)",2
"Cells",8
"Entire sternum",1
"Pathology",2
"Asthenia",5
"Current (qualifier value)",4
"Carcinoma of cervix (disorder)",2
"Cardiopulmonary Arrest",1
"tyramine-deoxysorbitol",11
"Spleen",1
"Eq (qualifier value)",4
"Surgical shortening - action (qualifier value)",1
"Component (attribute)",3
"Aggression aggravated",1
"Abdominoperineal approach (qualifier value)",2
"Weekly (qualifier value)",4
"Antagonist muscle action",1
"Cellular aspects of",2
"Evening (qualifier value)",2
"Low frequency (qualifier value)",2
"Recruitment (finding)",2
"Hepatic Involvement",1
"Impact",8
"Discipline of obstetrics",2
"Providing presence (regime/therapy)",11
"Foundations",1
"Sound - physical agent",1
"Research Design",7
"ENDPOINT",14
"Full thickness (qualifier value)",1
"In Blood",7
"Legal system",1
"Complete (qualifier value)",8
"Continuous (qualifier value)",1
"Mature (qualifier value)",1
"Bone pain (finding)",1
"Hemorrhage",3
"S1 innervation",2
"targeting",3
"Rose extract",1
"Informed Consent",16
"minority",1
"Malaise",1
"Germany",2
"Malignant neoplasm of breast",2
"SURVIVE (product)",3
"Comment",2
"Plain film (procedure)",4
"Booster",2
"performance status",12
"concept",1
"With type (attribute)",6
"device aspects",1
"German population",1
"monk",1
"Exposure condition",3
"Serotype eleven",5
"Detected (qualifier value)",2
"Hernia of abdominal cavity",1
"Suture Joint",1
"Borderline (qualifier value)",1
"Chromium",3
"Cluster Analysis",1
"Carcinoma, Squamous Cell",5
"Rank-Sum Tests",1
"Drug Dosages",1
"Cellular Structures",1
"Linear",4
"Dyspnea",2
"Malignant neoplasm of ovary",1
"Entire stomach",1
"Routine (qualifier value)",3
"Formations (qualifier value)",1
"criteria",20
"Vincristine",5
"Poor - grade value",7
"EXCESSIVELY",3
"Curved (qualifier value)",13
"Intravascular (qualifier value)",3
"Sufficient (qualifier value)",5
"Neurofibrillary Tangles",1
"Procedure related to management of drug administration (procedure)",1
"Gynecology",1
"Author (occupation)",4
"Aspects of mortality statistics",8
"Endotracheal aspiration (qualifier value)",1
"Entire vagina",4
"Gastrointestinal investigation (procedure)",2
"Treatment Protocols",1
"Chest",2
"Rare (qualifier value)",3
"Neutropenia",3
"Radio (physical object)",1
"External iliac lymph node group",1
"Causing (attribute)",3
"dL (qualifier value)",7
"month (qualifier value)",20
"Appearance",3
"Radiology Specialty",1
"Genus Anemia",1
"CARDIAC PATIENT",1
"Compleat",7
"Endotracheal aspiration",1
"Doubt",1
"Fluorine",1
"Serum albumin level",1
"Extensiveness (qualifier value)",1
"Serum creatinine level",5
"Tumor size (observable entity)",6
"Malignant tumor of colon",3
"Endometrial Carcinoma",1
"structure",1
"Arterial pressure",1
"Diagnostic Neoplasm Staging",8
"Eversion (morphologic abnormality)",1
"Various (substance)",5
"estrogen receptor negative",2
"Restricted (qualifier value)",3
"Small",7
"Site of primary tumor (attribute)",1
"chemical aspects",1
"Squamous",2
"Physical exercise (qualifier value)",1
"Sarcoma",1
"Altered (qualifier value)",6
"Long (qualifier value)",7
"Exhaustion (finding)",1
"Journals",1
"Independently able (qualifier value)",1
"Packaging",1
"Correct",2
"Absolute neutrophil count",1
"Depressive episode, unspecified",1
"Reparative closure (procedure)",1
"Systemic infection",2
"Meta-Analysis",3
"nursing therapy",1
"attenuation",1
"Caucasians",2
"Omentum",1
"Roentgen Rays",4
"Monthly (qualifier value)",1
"True (qualifier value)",1
"Ascending (qualifier value)",1
"Microfilaments",1
"Ib (qualifier value)",4
"Radiographic (qualifier value)",6
"Closed",2
"Molybdenum",1
"Mental disorders",1
"Type of restoration (attribute)",1
"Residual (qualifier value)",1
"Realism",1
"Secondary to",9
"Local disease (finding)",1
"Thoracic spine structure",1
"Metastatic to",11
"Focal (qualifier value)",1
"Peritonitis",2
"Freedom",4
"Severe pre-eclampsia NOS (disorder)",1
"Interval (qualifier value)",8
"Institutes",2
"Uranium",2
"Variable (qualifier value)",7
"morbidity aspects",5
"Differential (qualifier value)",22
"Rectal mucous membrane structure (body structure)",1
"Placebos",1
"Most (qualifier value)",14
"Entire umbilicus",1
